hero	prompt	correct	wrong1	wrong2	wrong3	book	chapter	verses	explanation	evidence
noe	¿A quién pidió Dios que construyera un arca?	Noé	Moisés	Elías	Pedro	GEN	6	13-14	Dios habló a Noé y le dio las instrucciones para construir el arca.	Noé
noe	¿Cuántos hijos tenía Noé?	Tres	Dos	Cinco	Siete	GEN	6	10	Génesis nombra a sus tres hijos: Sem, Cam y Jafet.	tres
noe	¿Cuáles son los nombres de los hijos de Noé?	Sem, Cam y Jafet	Caín, Abel y Set	Pedro, Juan y Jacobo	José, Judá y Benjamín	GEN	6	10	Sem, Cam y Jafet acompañan la historia de Noé.	Sem;Châm;Japhet
noe	¿De qué madera debía hacerse el arca?	Gofer	Olivo	Cedro	Palmera	GEN	6	14	La instrucción menciona madera de gofer, escrita Gopher en RV1909.	Gopher
noe	¿Con qué debía recubrirse el arca por dentro y por fuera?	Brea	Oro	Arcilla	Lana	GEN	6	14	La brea se menciona en las instrucciones de construcción.	brea
noe	¿Cuántos codos debía medir de largo el arca?	Trescientos	Cien	Cincuenta	Setecientos	GEN	6	15	El largo indicado fue de trescientos codos.	trescientos
noe	¿Cuántos niveles se describen para el arca?	Tres	Uno	Dos	Cuatro	GEN	6	16	El texto menciona un piso bajo, un segundo y un tercero.	segundo;tercero
noe	¿Cuántas personas fueron salvadas en el arca, según 1 Pedro?	Ocho	Diez	Doce	Cuatro	1PE	3	20	Pedro recuerda que ocho personas fueron preservadas por agua.	ocho
noe	¿Cuántos días y noches llovió durante el diluvio?	Cuarenta	Siete	Doce	Cien	GEN	7	12	La lluvia duró cuarenta días y cuarenta noches.	cuarenta
noe	¿Qué ave soltó Noé antes de enviar la paloma?	Un cuervo	Un águila	Una golondrina	Una cigüeña	GEN	8	7	Noé envió primero un cuervo para observar el estado de la tierra.	cuervo
noe	¿De qué árbol era la hoja que trajo la paloma?	Olivo	Higuera	Cedro	Almendro	GEN	8	11	La hoja de olivo indicó a Noé que las aguas estaban bajando.	oliva
noe	¿En qué mes reposó el arca sobre los montes?	El séptimo	El segundo	El décimo	El duodécimo	GEN	8	4	El arca reposó en el mes séptimo, el día diecisiete.	séptimo
noe	¿Quién cerró la puerta del arca después de que entró Noé?	Dios	Sem	Un mensajero	El capitán	GEN	7	16	El relato dice que Jehová cerró la puerta.	Jehová;cerró
noe	¿Qué edad tenía Noé cuando llegó el diluvio?	Seiscientos años	Cien años	Trescientos años	Ochenta años	GEN	7	6	Noé tenía seiscientos años cuando las aguas cubrieron la tierra.	seiscientos
noe	¿Qué construyó Noé para ofrecer sacrificios al salir del arca?	Un altar	Un palacio	Un barco	Una torre	GEN	8	20	Noé edificó un altar a Jehová después del diluvio.	altar
noe	¿Cuántos días prevalecieron las aguas sobre la tierra?	Ciento cincuenta	Cuarenta	Siete	Trescientos	GEN	7	24	Génesis distingue los días de lluvia de los ciento cincuenta días de aguas predominantes.	ciento;cincuenta
noe	¿Qué señal puso Dios en las nubes como recuerdo del pacto?	El arco iris	Una estrella	Una llama	Una corona	GEN	9	13	El arco en las nubes fue la señal del pacto con la tierra.	arco;nubes
noe	¿Cómo respondió Noé a las instrucciones de Dios?	Hizo todo lo que Dios le mandó	Construyó una torre	Se fue a Egipto	Escondió el arca	GEN	6	22	Génesis destaca la obediencia de Noé a las instrucciones recibidas.	Noé;mandó
noe	¿Quiénes entraron al arca con Noé?	Su esposa, sus hijos y sus nueras	Solo su esposa	Solo sus amigos	Un ejército	GEN	7	7	Noé entró con su familia para protegerse de las aguas del diluvio.	hijos;mujer
noe	¿Qué ave envió Noé para comprobar si las aguas habían bajado?	Una paloma	Un gallo	Un pavo real	Un avestruz	GEN	8	8	La paloma fue enviada para observar si las aguas se habían retirado.	paloma
abraham	¿Quién era el padre de Abraham?	Taré	Isaac	Labán	Ismael	GEN	11	27	El texto nombra a Taré, escrito Thare en esta traducción histórica, como padre de Abram.	Thare
abraham	¿Qué nombre dio Dios a la esposa de Abraham?	Sara	Rebeca	Raquel	Lea	GEN	17	15	Dios indicó que Sarai sería llamada Sara.	Sara
abraham	¿Qué sobrino acompañó a Abraham en su viaje?	Lot	Esaú	Benjamín	Jonatán	GEN	12	5	Lot era hijo del hermano de Abram y viajó con él.	Lot
abraham	¿Qué debía dejar Abraham al recibir el llamado de Dios?	Su tierra y la casa de su padre	El arca	El templo de Jerusalén	Su rebaño para siempre	GEN	12	1	El llamado incluía salir de su tierra, su parentela y la casa de su padre.	tierra;padre
abraham	¿Hacia qué tierra salió Abraham con Sara y Lot?	Canaán	Roma	Asiria	Grecia	GEN	12	5	El grupo salió hacia la tierra de Canaán.	Canaán
abraham	¿Con qué comparó Dios la descendencia de Abraham al mostrarle el cielo?	Con las estrellas	Con las nubes	Con los planetas visibles	Con los rayos	GEN	15	5	Dios le pidió mirar y contar las estrellas, como imagen de su descendencia.	estrellas
abraham	¿Qué hijo prometió Dios que tendría Sara?	Isaac	Jacob	José	Samuel	GEN	17	19	La promesa señalaba que Sara daría a luz a Isaac.	Isaac
abraham	¿Qué edad tenía Abraham cuando nació Isaac?	Cien años	Treinta años	Cuarenta años	Setenta años	GEN	21	5	Abraham tenía cien años al nacer Isaac.	cien
abraham	¿Cómo se llamaba Sara antes del cambio de nombre?	Sarai	Ester	Débora	Noemí	GEN	17	15	Sarai recibió el nombre de Sara.	Sarai
abraham	¿Cómo se llamaba Abraham antes del cambio de nombre?	Abram	Israel	Eliseo	Adán	GEN	17	5	Dios cambió su nombre de Abram a Abraham.	Abram
abraham	¿Qué señal corporal se indicó en el pacto con Abraham?	La circuncisión	Un tatuaje	Una pulsera	Una corona	GEN	17	10	La circuncisión se indicó como señal del pacto.	circuncidado
abraham	¿Cuántos varones vio Abraham cuando llegaron los visitantes?	Tres	Uno	Cinco	Doce	GEN	18	2	Abraham vio a tres varones y salió a recibirlos.	tres
abraham	¿Cómo reaccionó Sara interiormente al oír la promesa de un hijo?	Se rio	Se quedó dormida	Salió corriendo	Tocó una trompeta	GEN	18	12	Sara se rio al considerar su edad y la de Abraham.	rió
abraham	¿A qué ciudad se dirigían los varones cuando Abraham intercedió?	Sodoma	Nínive	Belén	Nazaret	GEN	18	22-23	Abraham habló con Dios mientras los varones se dirigían hacia Sodoma.	Sodoma
abraham	¿Qué hijo llevó Abraham cuando recibió la prueba en Moriah?	Isaac	Ismael	Jacob	Esaú	GEN	22	2	El relato identifica a Isaac como el hijo de la prueba.	Isaac
abraham	¿A qué tierra debía ir Abraham con Isaac?	Moriah	Galilea	Gosén	Moab	GEN	22	2	Dios señaló la tierra de Moriah para el viaje.	Moriah
abraham	¿Qué animal encontró Abraham trabado en un zarzal?	Un carnero	Un becerro	Un león	Una paloma	GEN	22	13	Abraham encontró un carnero y lo ofreció en lugar de su hijo.	carnero
abraham	¿Qué alimento ofreció Abraham a sus visitantes en Génesis 18:5?	Pan	Pescado	Uvas secas	Miel	GEN	18	5	Abraham les ofreció pan para fortalecerlos antes de seguir el camino.	pan
abraham	¿En qué cueva sepultó Abraham a Sara?	Macpela	Adulam	Elías	Qumrán	GEN	23	19	Abraham sepultó a Sara en la cueva del campo de Macpela, frente a Mamre.	Macpela
abraham	¿Cómo se llamó a Abraham por creer a Dios, según Santiago?	Amigo de Dios	Rey de Egipto	Sumo sacerdote	Hijo del trueno	JAS	2	23	Santiago recuerda que Abraham creyó a Dios y fue llamado su amigo.	amigo
jose	¿Quién era el padre de José?	Jacob, también llamado Israel	Moisés	Abraham	David	GEN	37	3	Israel, el nombre recibido por Jacob, es identificado como padre de José.	Israel;José
jose	¿Cuántas estrellas se inclinaban ante José en su sueño?	Once	Siete	Tres	Veinte	GEN	37	9	En su sueño se inclinaban el sol, la luna y once estrellas.	once
jose	¿Qué prenda especial recibió José de su padre?	Una túnica de colores	Una armadura	Una capa de oro	Una vestidura de sacerdote	GEN	37	3	Su padre le hizo una túnica de diversos colores.	colores
jose	¿Por cuántas piezas de plata vendieron sus hermanos a José?	Veinte	Diez	Treinta	Cien	GEN	37	28	José fue vendido por veinte piezas de plata.	veinte
jose	¿Dónde arrojaron sus hermanos a José antes de venderlo?	Una cisterna vacía	Un palacio	Un establo	Un jardín	GEN	37	24	La cisterna estaba vacía y no tenía agua.	cisterna
jose	¿Quién compró a José en Egipto?	Potifar	Nabucodonosor	Herodes	Goliat	GEN	39	1	Potifar, escrito Potiphar en RV1909, era un oficial de Faraón.	Potiphar
jose	¿Qué se inclinaba ante el manojo de José en su primer sueño?	Los manojos de sus hermanos	Los árboles del bosque	Los animales del campo	Las nubes	GEN	37	7	José relató que los manojos de sus hermanos se inclinaban ante el suyo.	manojos
jose	¿A qué dos oficiales interpretó José sus sueños en la prisión?	Al copero y al panadero	Al capitán y al músico	Al escriba y al juez	Al pastor y al herrero	GEN	40	5	El copero y el panadero del rey tuvieron sueños la misma noche.	copero;panadero
jose	¿Cuántos sarmientos tenía la vid del sueño del copero?	Tres	Dos	Siete	Diez	GEN	40	10	Los tres sarmientos formaban parte del sueño del copero.	tres
jose	¿Cuántas canastillas llevaba el panadero en su sueño?	Tres	Una	Cinco	Doce	GEN	40	16	El panadero soñó con tres canastillos sobre su cabeza.	tres
jose	¿Cuántas vacas hermosas salieron del río en el sueño de Faraón?	Siete	Cuatro	Dos	Doce	GEN	41	2	El sueño comenzó con siete vacas hermosas y bien alimentadas.	siete
jose	¿Qué anunciaban los primeros siete años del sueño de Faraón?	Gran abundancia	Una guerra	Un diluvio	Un viaje al desierto	GEN	41	29	José explicó que vendrían siete años de gran abundancia en Egipto.	hartura
jose	¿Qué vendría después de los siete años de abundancia?	Siete años de hambre	Cuarenta años de lluvia	Tres años de fiesta	Un siglo de paz	GEN	41	30	Después de la abundancia llegarían siete años de hambre.	hambre;siete
jose	¿Qué edad tenía José al comenzar su servicio ante Faraón?	Treinta años	Diecisiete años	Cincuenta años	Ochenta años	GEN	41	46	José tenía treinta años cuando compareció ante Faraón.	treinta
jose	¿Qué puso Faraón en la mano de José al darle autoridad?	Su anillo	Una espada	Un reloj	Una rama	GEN	41	42	Faraón entregó su anillo a José como señal de autoridad.	anillo
jose	¿Cómo se llamó el primer hijo de José?	Manasés	Efraín	Benjamín	Leví	GEN	41	51	José llamó Manasés a su primogénito.	Manasés
jose	¿Cómo se llamó el segundo hijo de José?	Efraín	Manasés	Simeón	Judá	GEN	41	52	El nombre del segundo hijo fue Efraín.	Ephraim
jose	¿Quién era el hermano menor de José?	Benjamín	Rubén	Dan	Isacar	GEN	43	29	José reconoció a Benjamín como su hermano e hijo de su madre.	Benjamín
jose	¿Qué mandó José colocar en el costal del hermano menor?	Su copa de plata	Su corona	Una túnica roja	Un pergamino	GEN	44	2	José indicó que su copa de plata se pusiera en el costal del menor.	copa;plata
jose	¿Qué propósito reconoció José al llegar antes que sus hermanos a Egipto?	Preservar vidas	Conquistar Roma	Construir el arca	Fundar un ejército	GEN	45	5	José explicó que Dios lo había enviado para preservar la vida de su familia.	vida
moises	¿Cómo se llamaba la madre de Moisés?	Jocabed	Noemí	Lea	Sara	EXO	6	20	Jocabed, llamada Jochêbed en RV1909, fue madre de Aarón y Moisés.	Jochebed
moises	¿A qué tribu pertenecían los padres de Moisés?	Leví	Judá	Benjamín	Dan	EXO	2	1	Los padres de Moisés pertenecían a la casa de Leví.	Leví
moises	¿Dónde dejó la madre de Moisés la cesta con el niño?	Entre los juncos a la orilla del río	En el templo	Sobre una montaña	En una plaza	EXO	2	3	La cesta fue colocada entre los juncos de la orilla del río.	río
moises	¿Quién encontró la cesta en la que estaba Moisés?	La hija de Faraón	La esposa de Noé	La reina Ester	La hermana de David	EXO	2	5	La hija de Faraón vio la cesta y mandó traerla.	hija;Faraón
moises	¿Qué hermano acompañó a Moisés para hablar al pueblo?	Aarón	Josué	Caleb	Esaú	EXO	4	14	Dios señaló a Aarón, hermano de Moisés, como su compañero para hablar.	Aarón
moises	¿Cómo se llamaba la hermana de Moisés y Aarón?	Miriam, también llamada María	Rut	Ester	Rebeca	NUM	26	59	Números enumera a Aarón, Moisés y María, conocida también como Miriam.	María
moises	¿Cómo se llamaba el padre de Moisés?	Amram	Isaí	Elcana	Zebedeo	EXO	6	20	Amram tomó por esposa a Jocabed y fue padre de Aarón y Moisés.	Amram
moises	¿Cómo se llamaba la esposa de Moisés?	Séfora	Sara	Débora	Elisabet	EXO	2	21	Moisés se casó con Séfora, hija de su anfitrión en Madián.	Séphora
moises	¿Cómo llamó Moisés a su primer hijo mencionado en Éxodo 2?	Gersón	Samuel	Isaac	Natán	EXO	2	22	El nombre Gersón, escrito Gersom en RV1909, recuerda su estancia como extranjero.	Gersom
moises	¿Qué arbusto vio Moisés arder sin consumirse?	Una zarza	Una higuera	Una palmera	Un olivo	EXO	3	2	La zarza ardía, pero no se consumía.	zarza
moises	¿A qué monte llegó Moisés antes de ver la zarza?	Horeb	Ararat	Carmelo	Hermón	EXO	3	1	Moisés llegó al monte de Dios, Horeb.	Horeb
moises	¿Qué respuesta dio Dios cuando Moisés preguntó su nombre?	Yo soy el que soy	Soy el hijo de David	Soy el rey de Egipto	Soy el pastor de Belén	EXO	3	14	Dios respondió a Moisés: Yo soy el que soy.	YO SOY
moises	¿En qué se convirtió la vara de Moisés al echarla al suelo?	Una serpiente	Una paloma	Una flor	Un pez	EXO	4	3	La vara se convirtió en una culebra, es decir, una serpiente.	culebra
moises	¿En qué se convirtió el agua del río durante la primera plaga?	Sangre	Aceite	Miel	Arena	EXO	7	20	Moisés y Aarón actuaron ante Faraón y el agua se convirtió en sangre.	sangre
moises	¿Qué animales cubrieron Egipto cuando Aarón extendió su mano?	Ranas	Caballos	Ovejas	Águilas	EXO	8	6	La segunda plaga llenó la tierra de Egipto de ranas.	ranas
moises	¿Cómo pasaron los israelitas por medio del mar?	Por tierra seca	En barcos	Sobre hielo	A nado	EXO	14	22	Las aguas quedaron a sus lados y caminaron por tierra seca.	seco
moises	¿Qué dio Dios al pueblo para comer en el desierto?	Pan del cielo	Pasteles de higo	Carne de caballo	Uvas de Egipto	EXO	16	15	Moisés explicó que el maná era el pan que Dios les había dado para comer.	pan
moises	¿De dónde salió agua cuando Moisés golpeó en Horeb?	De una peña	De una palmera	De un pozo construido por David	De una vasija de oro	EXO	17	6	Dios indicó golpear la peña para que el pueblo tuviera agua.	peña
moises	¿Cuántos mandamientos se recuerdan como las palabras de las tablas?	Diez	Siete	Doce	Veinte	DEU	10	4	Deuteronomio habla de las diez palabras escritas en las tablas.	diez
moises	¿A qué monte subió Moisés para contemplar la tierra prometida?	Nebo	Ararat	Sión	Carmelo	DEU	34	1	Moisés subió al monte Nebo y contempló la tierra que Dios le mostró.	Nebo
rut	¿De qué pueblo era Rut?	Moabita	Egipcio	Filisteo	Asirio	RUT	1	4	Rut era una mujer moabita que se unió a la familia de Noemí.	Moab;Ruth
rut	¿Quién era la suegra de Rut?	Noemí	Débora	Ana	Rebeca	RUT	1	8	Rut decidió permanecer con Noemí y acompañarla.	Noemi;nueras
rut	¿Cómo se llamaba la otra nuera de Noemí?	Orfa	Lea	Raquel	Mical	RUT	1	4	Orfa y Rut fueron las nueras de Noemí.	Orpha
rut	¿Quién había sido el primer esposo de Rut?	Mahlón	Booz	Obed	Isaí	RUT	4	10	El relato identifica a Rut como la esposa que había sido de Mahlón.	Mahalón
rut	¿A qué ciudad llegaron Rut y Noemí?	Belén	Jericó	Nínive	Damasco	RUT	1	19	Ambas llegaron a Belén después de salir de Moab.	Beth-lehem
rut	¿Qué cosecha comenzaba cuando llegaron a Belén?	La de cebada	La de aceitunas	La de uvas	La de higos	RUT	1	22	Su llegada coincidió con el comienzo de la siega de la cebada.	cebadas
rut	¿En el campo de quién espigó Rut?	Booz	Gedeón	Samuel	Elías	RUT	2	3	Rut llegó a espigar a una parte del campo perteneciente a Booz.	Booz
rut	¿Qué hacía Rut detrás de los segadores?	Recogía espigas	Construía una torre	Pescaba	Plantaba cedros	RUT	2	3	Rut recogía las espigas que quedaban detrás de los segadores.	espigó;segadores
rut	¿Con qué imagen describió Booz la confianza de Rut en Dios?	Refugiarse bajo sus alas	Navegar sobre el mar	Escalar una muralla	Cruzar un desierto sola	RUT	2	12	Booz deseó que Dios recompensara a Rut, quien había buscado refugio bajo sus alas.	alas
rut	¿Quién dijo a Booz de dónde venía Rut?	El criado encargado de los segadores	El rey de Moab	Un sacerdote de Silo	Un mensajero de Egipto	RUT	2	5-6	El criado que supervisaba a los segadores explicó que Rut había venido de Moab con Noemí.	criado;segadores;Moab
rut	¿En qué invitó Booz a mojar el pan a Rut?	Vinagre	Aceite perfumado	Miel	Leche	RUT	2	14	Durante la comida, Booz invitó a Rut a comer pan y mojarlo en vinagre.	vinagre
rut	¿Cuántos ancianos reunió Booz en la puerta de la ciudad?	Diez	Tres	Siete	Doce	RUT	4	2	Booz pidió a diez ancianos que se sentaran como testigos.	diez;ancianos
rut	¿Qué objeto se quitaba para confirmar un acuerdo de redención?	Un zapato	Una corona	Un anillo	Un manto	RUT	4	7	El texto explica la costumbre de quitarse un zapato y darlo al otro como señal del acuerdo.	zapato
rut	¿Cómo se llamó el hijo de Rut y Booz?	Obed	Samuel	Elí	Absalón	RUT	4	13-17	Las vecinas llamaron Obed al hijo de Rut y Booz.	Obed
rut	¿De quién fue padre Obed?	Isaí	Abraham	Moisés	Jonatán	RUT	4	22	La genealogía dice que Obed engendró a Isaí, y que Isaí engendró a David.	Obed;Isai;David
rut	¿Qué nombre pidió Noemí que usaran al regresar?	Mara	Sara	Eva	Abigail	RUT	1	20	Noemí pidió que la llamaran Mara al expresar la amargura de su experiencia.	Mara
rut	¿Qué dijo Rut acerca del pueblo de Noemí?	Tu pueblo será mi pueblo	Tu pueblo será mi enemigo	Nunca visitaré tu pueblo	Solo iré durante la cosecha	RUT	1	16	Rut expresó un compromiso duradero: el pueblo de Noemí sería también su pueblo.	tu pueblo será mi pueblo
rut	¿Con quiénes indicó Booz que permaneciera Rut en su campo?	Con sus criadas	Con los soldados	Con los mercaderes	Con los músicos	RUT	2	8	Booz le ofreció un lugar seguro junto a sus criadas.	mozas
rut	¿Hasta cuándo siguió Rut espigando con las criadas de Booz?	Hasta acabar la siega de cebada y trigo	Hasta la llegada de una tormenta	Solo durante una mañana	Hasta que regresó el rey	RUT	2	23	Rut permaneció espigando durante las cosechas de cebada y trigo.	cebadas;trigos
rut	¿Cómo se llamaba el esposo de Noemí?	Elimelec	Esaú	Labán	Nabal	RUT	1	2-3	Elimelec era el esposo de Noemí y murió durante su estancia en Moab.	Elimelech;Noemi
david	¿Cómo se llamaba el padre de David?	Isaí	Saúl	Elí	Natán	1SA	16	1	Dios envió a Samuel a la casa de Isaí para ungir al futuro rey.	Isai
david	¿A qué ciudad fue enviado Samuel para visitar a Isaí?	Belén	Nínive	Jericó	Tiro	1SA	16	1	Samuel fue enviado a Isaí, a quien el pasaje llama de Belén.	Beth-lehem
david	¿Qué hacía David cuando Samuel preguntó por él?	Apacentaba las ovejas	Gobernaba una ciudad	Vendía telas	Construía barcos	1SA	16	11	David, el hijo menor, estaba cuidando las ovejas.	menor;ovejas
david	¿Quién ungió a David en medio de sus hermanos?	Samuel	Moisés	Eliseo	Josué	1SA	16	13	Samuel tomó el aceite y ungió a David.	Samuel;ungió
david	¿A qué pueblo pertenecía Goliat?	A los filisteos	A los moabitas	A los egipcios	A los romanos	1SA	17	4	Goliat salió del campamento de los filisteos y era de Gat.	Filisteos;Goliath
david	¿Cuántas piedras lisas escogió David del arroyo?	Cinco	Dos	Siete	Doce	1SA	17	40	David escogió cinco piedras lisas antes de enfrentarse a Goliat.	cinco;piedras
david	¿Dónde golpeó a Goliat la piedra lanzada por David?	En la frente	En el hombro	En la rodilla	En el pie	1SA	17	49	La piedra alcanzó a Goliat en la frente.	frente
david	¿Con qué venció David a Goliat antes de tomar su espada?	Con una honda y una piedra	Con un arco	Con una lanza	Con un escudo	1SA	17	50	El relato destaca que David venció con una honda y una piedra, sin llevar espada en su mano.	honda;piedra
david	¿Quién se convirtió en un amigo muy cercano de David?	Jonatán	Amán	Acab	Labán	1SA	18	1	Jonatán amó a David como a sí mismo y se unió a él en amistad.	Jonathán;amó
david	¿Qué instrumento tocaba David para aliviar a Saúl?	Arpa	Trompeta	Flauta	Tambor	1SA	16	23	David tocaba el arpa y Saúl encontraba alivio.	arpa;Saul
david	¿Quién era el rey al que David servía con su música?	Saúl	Salomón	Herodes	Nabucodonosor	1SA	16	23	David tocaba para Saúl, quien se sentía mejor al escucharlo.	Saul;David
david	¿En el nombre de quién dijo David que se acercaba a Goliat?	Del Señor de los ejércitos	Del faraón	Del rey de Moab	De los dioses de Gat	1SA	17	45	David dijo que iba en el nombre del Dios de los ejércitos de Israel.	Jehová;ejércitos
david	¿Qué animales mencionó David al contar cómo protegía su rebaño?	León y oso	Lobo y zorro	Águila y serpiente	Camello y caballo	1SA	17	34-35	David relató que había defendido a sus ovejas de un león y un oso.	león;oso
david	¿Cómo se llamaba el hermano mayor de David?	Eliab	Benjamín	Aarón	Andrés	1SA	17	13	Eliab era el mayor de los tres hermanos de David que habían seguido a Saúl a la guerra.	Eliab;primogénito
david	¿Qué hija de Saúl fue dada por esposa a David?	Mical	Ester	Rut	Débora	1SA	18	27	Saúl dio a David a su hija Mical como esposa.	Michâl
david	¿Quién era el padre de Jonatán?	Saúl	Isaí	Natán	Booz	1SA	20	30	El pasaje presenta a Saúl hablando con su hijo Jonatán.	Saul;Jonathán
david	¿En qué ciudad reinó David sobre Judá durante siete años y seis meses?	Hebrón	Samaria	Capernaúm	Damasco	2SA	2	11	David reinó sobre Judá en Hebrón antes de reinar sobre todo Israel.	Hebrón;siete;seis
david	¿Qué fortaleza conquistó David, llamada después ciudad de David?	Sion	Masada	Jericó	Silo	2SA	5	7	David tomó la fortaleza de Sion, que el pasaje identifica como la ciudad de David.	Sión
david	¿Cómo se llamó el hijo que tuvieron David y Betsabé en este pasaje?	Salomón	Samuel	Jonatán	Eliseo	2SA	12	24	Betsabé dio a luz a Salomón, hijo de David.	Salomón
david	¿Qué hijo de David anunció que reinaba en Hebrón?	Absalón	Isaac	José	Obed	2SA	15	10	Absalón envió mensajeros para anunciar su proclamación como rey en Hebrón.	Absalom;Hebrón
ester	¿Cuál era el otro nombre de Ester?	Hadasa	Débora	Abigail	Priscila	EST	2	7	El pasaje identifica a Hadasa como Ester, criada por Mardoqueo.	Hadassa;Esther
ester	¿Quién crió a Ester tras la muerte de sus padres?	Mardoqueo	Daniel	Amán	Esdras	EST	2	7	Mardoqueo tomó a Ester como hija cuando ella quedó huérfana.	Mardochêo;hija
ester	¿Cómo se llamaba el padre de Ester?	Abihail	Isaí	Taré	Zacarías	EST	2	15	Ester es presentada como hija de Abihail.	Abihail
ester	¿Qué rey puso la corona real sobre Ester?	Asuero	Saúl	David	Ciro	EST	2	17	El rey Asuero hizo reina a Ester.	corona;reina
ester	¿Cómo se llamaba la reina que aparece antes de Ester?	Vasti	Sara	Noemí	Lea	EST	1	9	Vasti aparece como la reina que ofreció un banquete a las mujeres.	Vasthi
ester	¿En qué ciudadela vivía Mardoqueo?	Susa	Jericó	Belén	Nazaret	EST	2	5	El relato sitúa a Mardoqueo en Susa, residencia real.	Susan
ester	¿Quién fue elevado por el rey por encima de otros príncipes?	Amán	Moisés	Samuel	Booz	EST	3	1	Asuero elevó a Amán y le dio un puesto superior al de los demás príncipes.	Amán;príncipes
ester	¿Qué había mantenido Ester en secreto siguiendo el consejo de Mardoqueo?	Su pueblo y su familia	La ubicación del palacio	El nombre del rey	El idioma de los sirvientes	EST	2	10	Ester no había declarado su pueblo ni su familia por indicación de Mardoqueo.	pueblo;nacimiento
ester	¿Cuántos días pidió Ester que ayunaran por ella?	Tres	Uno	Siete	Cuarenta	EST	4	16	Ester pidió un ayuno de tres días antes de presentarse ante el rey.	tres días
ester	¿Qué extendió el rey hacia Ester cuando ella entró?	Un cetro de oro	Una espada	Una copa	Un pergamino	EST	5	2	El rey extendió hacia Ester su cetro de oro, señal de que la recibía.	cetro;oro
ester	¿A quiénes invitó Ester al primer banquete que preparó?	Al rey y a Amán	A Daniel y a sus amigos	A David y a Jonatán	A Rut y a Noemí	EST	5	4	Ester invitó al rey y a Amán a su banquete.	rey;Amán;banquete
ester	¿Dónde se encontraba Mardoqueo cuando oyó una conspiración?	En la puerta del rey	En el desierto	En una barca	En el monte Sinaí	EST	2	21	Mardoqueo estaba a la puerta del rey cuando supo del complot.	puerta
ester	¿Quiénes planearon atacar al rey Asuero?	Bigtán y Teres	Moisés y Aarón	Pedro y Juan	Elías y Eliseo	EST	2	21	Bigtán y Teres, guardas de la puerta, conspiraron contra el rey.	Bigthán;Teres
ester	¿Qué pidió el rey que le leyeran durante una noche sin sueño?	El libro de las memorias y crónicas	Una lista de cosechas	Un poema sobre el mar	Un contrato de compraventa	EST	6	1	El rey pidió que le leyeran las memorias y crónicas del reino.	memorias;tiempos
ester	¿Quién llevó a Mardoqueo a caballo para honrarlo públicamente?	Amán	Daniel	Elías	Abraham	EST	6	11	Amán tuvo que vestir a Mardoqueo y conducirlo a caballo por la ciudad.	Amán;Mardochêo;caballo
ester	¿Cuál fue la petición de Ester al revelar el peligro que corría?	Que se conservaran su vida y su pueblo	Que se construyera una torre	Que se vendieran las cosechas	Que se cambiara la capital	EST	7	3	Ester pidió por su propia vida y por la de su pueblo.	vida;pueblo
ester	¿A quién señaló Ester como enemigo que amenazaba a su pueblo?	Amán	Mardoqueo	Booz	Samuel	EST	7	6	Ester identificó a Amán como el adversario que había planeado la destrucción.	Amán;enemigo
ester	¿Qué recibió Mardoqueo después de la caída de Amán?	El anillo del rey	El arca de Noé	El arpa de David	Las tablas de Moisés	EST	8	2	El rey entregó a Mardoqueo el anillo que había quitado a Amán.	anillo;Mardochêo
ester	¿Cómo se llama la celebración establecida para recordar la liberación?	Purim	Pentecostés	Pascua	Tabernáculos	EST	9	26	Los días de celebración recibieron el nombre de Purim.	Purim
ester	¿A qué se refería la palabra Pur, de la que viene Purim?	A la suerte	A un jardín	A una corona	A un río	EST	9	24-26	Pur significa suerte; el nombre recuerda la suerte echada por Amán.	Pur;suerte
daniel	¿A qué imperio fueron llevados Daniel y sus compañeros?	Babilonia	Roma	Grecia	Egipto	DAN	1	1-6	Daniel aparece entre los jóvenes de Judá llevados a la corte de Babilonia.	Babilonia;Daniel
daniel	¿Quién era el rey que sitió Jerusalén al inicio del libro de Daniel?	Nabucodonosor	Saúl	David	Asuero	DAN	1	1	Nabucodonosor, rey de Babilonia, sitió Jerusalén.	Nabucodonosor
daniel	¿Qué nombre recibió Daniel en la corte?	Beltsasar	Sadrac	Mesac	Abed-nego	DAN	1	7	El jefe de los eunucos dio a Daniel el nombre de Beltsasar.	Beltsasar
daniel	¿Qué decidió Daniel acerca de la comida y el vino del rey?	No contaminarse con ellos	Guardar todo para el viaje	Venderlos en el mercado	Repartirlos entre soldados	DAN	1	8	Daniel se propuso no contaminarse con la comida ni el vino del rey.	contaminarse;vino
daniel	¿Qué pidió Daniel que les dieran de comer durante la prueba?	Legumbres	Carne de caza	Pasteles	Pescado salado	DAN	1	12	Daniel pidió legumbres para comer y agua para beber.	legumbres
daniel	¿Cuántos días duró la prueba de la alimentación?	Diez	Tres	Siete	Cuarenta	DAN	1	12-15	La prueba se realizó durante diez días.	diez días
daniel	¿Qué capacidad especial recibió Daniel?	Entender visiones y sueños	Construir barcos	Tocar el arpa	Hablar con las aves	DAN	1	17	Dios dio a Daniel entendimiento en visiones y sueños.	visión;sueños
daniel	¿Quién, según Daniel, revela los misterios?	Dios en los cielos	El jefe de los soldados	El rey de Egipto	El constructor del palacio	DAN	2	28	Daniel explicó al rey que hay un Dios en los cielos que revela misterios.	Dios;cielos;misterios
daniel	¿De qué metal era la cabeza de la estatua del sueño?	Oro	Hierro	Plata	Bronce	DAN	2	32	La cabeza de la estatua era de oro fino.	cabeza;oro
daniel	¿Qué golpeó la estatua del sueño en los pies?	Una piedra	Un rayo	Un árbol	Una flecha	DAN	2	34	Una piedra cortada sin manos golpeó la estatua en sus pies.	piedra;pies
daniel	¿Qué compañeros de Daniel fueron arrojados al horno de fuego?	Sadrac, Mesac y Abed-nego	Pedro, Juan y Santiago	Sem, Cam y Jafet	Moisés, Aarón y Josué	DAN	3	20	Los tres compañeros fueron atados y echados al horno por no adorar la imagen.	Sadrach;Mesach;Abed-nego
daniel	¿Cuántos hombres vio el rey caminando dentro del horno?	Cuatro	Dos	Tres	Siete	DAN	3	25	El rey vio cuatro hombres sueltos caminando en medio del fuego.	cuatro;fuego
daniel	¿Quién fue el rey que vio una escritura en la pared?	Belsasar	David	Saúl	Salomón	DAN	5	1-5	Durante el banquete de Belsasar apareció una mano que escribió en la pared.	Belsasar;pared
daniel	¿Qué palabra interpretó Daniel como haber sido pesado y hallado falto?	Tekel	Amén	Hosanna	Selah	DAN	5	27	Daniel explicó que Tekel significaba que el rey había sido pesado en balanza y hallado falto.	TEKEL;balanza
daniel	¿Qué rey gobernaba cuando Daniel fue arrojado al foso de los leones?	Darío	Herodes	Faraón	Asuero	DAN	6	1-7	Los gobernantes buscaron que Darío firmara el decreto que usarían contra Daniel.	Darío;leones
daniel	¿Cuántas veces al día oraba Daniel según el relato?	Tres	Una	Dos	Siete	DAN	6	10	Daniel oraba y daba gracias tres veces al día, como lo había hecho antes.	tres;oraba
daniel	¿Hacia qué ciudad estaban abiertas las ventanas de Daniel?	Jerusalén	Roma	Nínive	Belén	DAN	6	10	Las ventanas de su habitación estaban abiertas hacia Jerusalén.	Jerusalem
daniel	¿A dónde fue arrojado Daniel por continuar orando?	Al foso de los leones	A un horno de fuego	Al río Nilo	A una cisterna sin agua	DAN	6	16	El rey ordenó que Daniel fuera echado al foso de los leones.	leones
daniel	¿Quién, según Daniel, cerró la boca de los leones?	Un ángel enviado por Dios	Un soldado del rey	Un pastor de ovejas	Un comerciante	DAN	6	22	Daniel dijo que Dios había enviado a su ángel para cerrar las bocas de los leones.	ángel;boca
daniel	¿Qué hizo el rey antes de rescatar a Daniel por la mañana?	Fue apresuradamente al foso	Celebró un banquete	Salió a una batalla	Pidió música de arpa	DAN	6	19	Al amanecer, el rey se levantó y fue de prisa al foso de los leones.	mañana;apriesa
maria	¿Qué ángel anunció a María el nacimiento de Jesús?	Gabriel	Miguel	Rafael	Uriel	LUK	1	26-27	Dios envió al ángel Gabriel a Nazaret, donde estaba María.	Gabriel;María
maria	¿En qué ciudad vivía María cuando recibió el anuncio del ángel?	Nazaret	Jericó	Roma	Nínive	LUK	1	26-27	El anuncio tuvo lugar en Nazaret, una ciudad de Galilea.	Nazaret
maria	¿Con quién estaba comprometida María?	José	Pedro	Zacarías	Booz	LUK	1	27	María estaba desposada con José, de la casa de David.	José
maria	¿Qué nombre indicó el ángel que debía poner al niño?	Jesús	Juan	Samuel	Isaac	LUK	1	31	El ángel indicó a María que llamara Jesús a su hijo.	JESÚS
maria	¿Qué pariente de María también esperaba un hijo?	Elisabet	Rut	Ester	Débora	LUK	1	36	Gabriel contó a María que su pariente Elisabet estaba embarazada.	Elisabet;parienta
maria	¿Qué ocurrió cuando Elisabet escuchó el saludo de María?	El niño saltó en su vientre	Se apagaron las lámparas	La casa se llenó de agua	Apareció un arco iris	LUK	1	41	El niño saltó en el vientre de Elisabet al escuchar ella el saludo de María.	saltó;vientre
maria	¿Qué respondió María al aceptar el anuncio del ángel?	Hágase conmigo conforme a tu palabra	Esperaré hasta la próxima cosecha	No regresaré a esta ciudad	Primero hablaré con el rey	LUK	1	38	María se presentó como sierva del Señor y aceptó su palabra.	hágase;palabra
maria	¿En quién dijo María que se alegraba su espíritu?	En Dios su Salvador	En el rey de Roma	En los bienes de su familia	En la fama de su ciudad	LUK	1	46-47	En su cántico, María alabó al Señor y se alegró en Dios su Salvador.	Dios;Salvador
maria	¿Cuánto tiempo permaneció María con Elisabet?	Como tres meses	Una semana	Diez días	Dos años	LUK	1	56	María permaneció con ella alrededor de tres meses y luego regresó a su casa.	tres meses
maria	¿A qué ciudad viajó María con José para el registro?	Belén	Damasco	Tiro	Nínive	LUK	2	4-5	José fue a Belén para ser empadronado con María.	Bethlehem;María
maria	¿Dónde acostó María a Jesús recién nacido?	En un pesebre	En una barca	En un trono	En una canasta sobre el río	LUK	2	7	María envolvió al niño en pañales y lo acostó en un pesebre.	pesebre
maria	¿Con qué envolvió María a su hijo recién nacido?	Con pañales	Con un manto de rey	Con hojas de palmera	Con una red de pesca	LUK	2	7	María cuidó de su hijo envolviéndolo en pañales.	pañales
maria	¿Quiénes llegaron y encontraron a María, José y al niño en el pesebre?	Los pastores	Los soldados de Pilato	Los hermanos de Moisés	Los consejeros de Darío	LUK	2	15-16	Los pastores fueron de prisa a Belén y encontraron a la familia.	pastores;María;José
maria	¿Cómo conservaba María lo que escuchaba acerca de Jesús?	Lo meditaba en su corazón	Lo escribía en las puertas	Lo anunciaba al emperador	Lo ocultaba en una cueva	LUK	2	19	María guardaba estas cosas y las meditaba en su corazón.	corazón
maria	¿Cuántos días tenía Jesús cuando recibió su nombre y fue circuncidado?	Ocho	Tres	Doce	Cuarenta	LUK	2	21	Al cumplirse ocho días, se le dio el nombre de Jesús, como había indicado el ángel.	ocho;JESÚS
maria	¿Qué ofrecieron los magos al encontrar al niño con María?	Oro, incienso y mirra	Pan, aceite y sal	Plata, seda y trigo	Agua, leche y miel	MAT	2	11	Los magos presentaron oro, incienso y mirra al niño.	oro;incienso;mirra
maria	¿A qué país huyeron José, María y Jesús para escapar de Herodes?	Egipto	Grecia	Moab	Asiria	MAT	2	13-14	José llevó al niño y a su madre a Egipto siguiendo la advertencia del ángel.	Egipto
maria	¿Qué edad tenía Jesús cuando María y José lo buscaron durante la visita a Jerusalén?	Doce años	Cinco años	Ocho años	Treinta años	LUK	2	42-45	El relato de la búsqueda de Jesús en Jerusalén ocurrió cuando él tenía doce años.	doce años
maria	¿Dónde encontraron María y José a Jesús después de buscarlo?	En el templo, entre los maestros	En una barca	En el palacio de Herodes	En una viña	LUK	2	46	Encontraron a Jesús en el templo, escuchando y preguntando a los maestros.	templo;doctores
maria	¿Qué pidió María a los sirvientes en las bodas de Caná?	Hagan todo lo que Jesús les diga	Cierren las puertas del salón	Escondan las tinajas	Llamen a los soldados	JHN	2	5	María indicó a los sirvientes que hicieran lo que Jesús les dijera.	Haced;dijere
pedro	¿Cuál era el nombre de Pedro antes de ser llamado Cefas?	Simón	Saulo	Leví	Natanael	JHN	1	42	Jesús dio a Simón el nombre Cefas, que significa piedra; Pedro es la forma griega de ese nombre.	Simón;Cephas;Piedra
pedro	¿Quién era el hermano de Pedro?	Andrés	Felipe	Tomás	Santiago	MAT	4	18	Jesús vio a Simón Pedro y a su hermano Andrés junto al mar.	Andrés;hermano
pedro	¿A qué se dedicaban Pedro y Andrés cuando Jesús los llamó?	A la pesca	A la carpintería	A la agricultura	A cobrar impuestos	MAT	4	18	Los hermanos echaban una red en el mar porque eran pescadores.	pescadores
pedro	¿Qué dijo Jesús que haría de Pedro y Andrés?	Pescadores de hombres	Gobernadores de provincias	Constructores de palacios	Mercaderes del templo	MAT	4	19	Jesús los invitó a seguirlo y les prometió hacerlos pescadores de hombres.	pescadores;hombres
pedro	¿Qué dejó Pedro al seguir a Jesús en este relato?	Las redes	Una corona	Un carro de guerra	Un campo de cebada	MAT	4	20	Pedro y Andrés dejaron inmediatamente las redes para seguir a Jesús.	redes
pedro	¿Qué padecía la suegra de Pedro cuando Jesús la visitó?	Fiebre	Ceguera	Sordera	Una herida en el pie	MAT	8	14-15	Jesús tocó la mano de la suegra de Pedro y la fiebre la dejó.	fiebre
pedro	¿Sobre qué caminó Pedro al ir hacia Jesús?	Sobre el agua	Sobre una muralla	Sobre arena ardiente	Sobre una cuerda	MAT	14	29	Pedro salió de la barca y caminó sobre el agua hacia Jesús.	aguas
pedro	¿Qué gritó Pedro cuando comenzó a hundirse?	Señor, sálvame	Traigan mi espada	Busquen al rey	Cierren la puerta	MAT	14	30	Al tener miedo, Pedro pidió a Jesús que lo salvara.	Señor;sálvame
pedro	¿Qué respondió Pedro cuando Jesús preguntó quién era él?	Tú eres el Cristo, el Hijo del Dios viviente	Tú eres el rey de Egipto	Tú eres un escriba de Roma	Tú eres un constructor de barcos	MAT	16	16	Pedro confesó que Jesús era el Cristo, el Hijo del Dios viviente.	Cristo;Dios viviente
pedro	¿Con qué dos discípulos acompañó Pedro a Jesús a la transfiguración?	Santiago y Juan	Felipe y Tomás	Andrés y Mateo	Bartolomé y Judas	MAT	17	1	Jesús llevó a Pedro, Santiago y Juan a un monte alto.	Jacobo;Juan
pedro	¿En qué animal encontraría Pedro una moneda para pagar el tributo?	En un pez	En una paloma	En un cordero	En un caballo	MAT	17	27	Jesús indicó a Pedro que encontraría una moneda en la boca del primer pez que sacara.	pez;estatero
pedro	¿Cuántas veces anunció Jesús que Pedro lo negaría antes de cantar el gallo?	Tres	Una	Dos	Siete	MAT	26	34	Jesús anunció a Pedro que lo negaría tres veces esa noche.	tres veces;gallo
pedro	¿Qué hizo Pedro al recordar las palabras de Jesús después de negarlo?	Lloró amargamente	Organizó un banquete	Regresó al palacio	Se coronó rey	MAT	26	75	Pedro recordó el anuncio de Jesús y salió a llorar amargamente.	lloró;amargamente
pedro	¿A qué discípulo dijo Jesús: Apacienta mis ovejas?	A Pedro	A Judas Iscariote	A Tomás	A Felipe	JHN	21	17	Jesús preguntó por tercera vez a Pedro si lo amaba y le encargó cuidar sus ovejas.	Pedro;ovejas
pedro	¿En qué celebración predicó Pedro después de la venida del Espíritu Santo?	Pentecostés	Purim	Tabernáculos	La dedicación	ACT	2	1-14	El capítulo narra Pentecostés y el discurso de Pedro ante la multitud.	Pentecostés;Pedro
pedro	¿Aproximadamente cuántas personas se añadieron después del discurso de Pedro?	Tres mil	Cien	Doce	Cinco mil	ACT	2	41	El relato dice que aquel día se añadieron unas tres mil personas.	tres mil
pedro	¿Con quién iba Pedro al templo cuando encontraron al hombre que no podía caminar?	Con Juan	Con Pablo	Con Bernabé	Con Silas	ACT	3	1-2	Pedro y Juan subían juntos al templo a la hora de la oración.	Pedro;Juan
pedro	¿Cómo se llamaba la puerta donde estaba aquel hombre?	La Hermosa	La Dorada	La del Pastor	La de la Viña	ACT	3	2	El hombre era colocado a la puerta del templo llamada la Hermosa.	Hermosa
pedro	¿Quién visitó a Pedro para sacarlo de la cárcel en este pasaje?	Un ángel del Señor	Un rey de Egipto	Un soldado de Roma	Un pescador de Tiro	ACT	12	7	Un ángel del Señor despertó a Pedro y sus cadenas cayeron.	ángel;Pedro
pedro	¿Qué centurión invitó a Pedro a su casa?	Cornelio	Pilato	Herodes	Nabucodonosor	ACT	10	1-5	Cornelio recibió la indicación de buscar a Simón, llamado Pedro.	Cornelio;Pedro
pablo	¿Con qué nombre se conocía también a Pablo?	Saulo	Simón	Leví	Natanael	ACT	13	9	El texto dice que Saulo también era llamado Pablo.	Saulo;Pablo
pablo	¿Hacia qué ciudad viajaba Saulo cuando lo rodeó una luz del cielo?	Damasco	Roma	Belén	Nínive	ACT	9	3	La luz del cielo lo rodeó cuando se acercaba a Damasco.	Damasco;luz
pablo	¿Quién habló a Saulo durante su encuentro camino a Damasco?	Jesús	Pedro	Moisés	Samuel	ACT	9	4-5	La voz se identificó como Jesús, a quien Saulo perseguía.	Jesús
pablo	¿Cuántos días estuvo Saulo sin ver después de aquel encuentro?	Tres	Uno	Siete	Cuarenta	ACT	9	9	Saulo estuvo tres días sin ver, sin comer ni beber.	tres días
pablo	¿Quién fue enviado a visitar a Saulo en Damasco?	Ananías	Bernabé	Silas	Timoteo	ACT	9	10-12	El Señor indicó a Ananías que buscara a Saulo en la calle Derecha.	Ananías;Saulo
pablo	¿Cómo escapó Saulo de Damasco cuando vigilaban las puertas?	Lo bajaron por el muro en una canasta	Salió a caballo por la plaza	Nadó por un río	Se escondió en un carro del rey	ACT	9	25	Los discípulos lo bajaron de noche por el muro en una canasta.	muro;espuerta
pablo	¿Quién presentó a Saulo a los apóstoles en Jerusalén?	Bernabé	Jonatán	Cornelio	Natán	ACT	9	27	Bernabé contó a los apóstoles lo que había ocurrido a Saulo y cómo predicaba.	Bernabé;apóstoles
pablo	¿En qué ciudad había nacido Pablo?	Tarso	Belén	Jericó	Caná	ACT	22	3	Pablo dijo que había nacido en Tarso de Cilicia.	Tarso
pablo	¿A los pies de qué maestro se había formado Pablo?	Gamaliel	Elí	Nicodemo	Zaqueo	ACT	22	3	Pablo explicó que había sido instruido a los pies de Gamaliel.	Gamaliel
pablo	¿Qué ciudadanía tenía Pablo desde su nacimiento?	Romana	Babilónica	Egipcia	Moabita	ACT	22	27-28	Pablo confirmó que era ciudadano romano de nacimiento.	Romano;nací
pablo	¿Quién viajó con Pablo en la misión mencionada en Hechos 13?	Bernabé	Abraham	David	Moisés	ACT	13	2-4	El Espíritu Santo indicó que apartaran a Bernabé y a Saulo para la obra.	Bernabé;Saulo
pablo	¿Con quién oraba y cantaba Pablo en la cárcel de Filipos?	Con Silas	Con Andrés	Con Tomás	Con Felipe	ACT	16	25	Pablo y Silas oraban y cantaban himnos a medianoche.	Pablo;Silas
pablo	¿Qué ocurrió mientras Pablo y Silas estaban en la cárcel?	Un gran terremoto	Una lluvia de granizo	Una inundación del mar	Un incendio en la ciudad	ACT	16	26	Un terremoto sacudió los cimientos, abrió las puertas y soltó las cadenas.	terremoto
pablo	¿Qué preguntó el carcelero a Pablo y Silas?	¿Qué debo hacer para ser salvo?	¿Dónde se compra una barca?	¿Quién construyó este templo?	¿Cuándo comienza la cosecha?	ACT	16	30	El carcelero preguntó qué debía hacer para ser salvo.	salvo
pablo	¿En qué lugar de Atenas habló Pablo acerca del Dios que da vida?	En el Areópago	En el monte Sinaí	En el palacio de Susa	En la puerta Hermosa	ACT	17	22-25	Pablo habló en el Areópago sobre el Dios que hizo el mundo y da vida a todos.	Areópago;vida
pablo	¿Con qué matrimonio trabajó Pablo en Corinto?	Aquila y Priscila	Abraham y Sara	Isaac y Rebeca	Booz y Rut	ACT	18	1-3	En Corinto Pablo se unió a Aquila y Priscila, que compartían su oficio.	Aquila;Priscila
pablo	¿Cuál era el oficio que Pablo compartía con Aquila y Priscila?	Hacer tiendas	Construir barcos	Fabricar monedas	Cultivar viñas	ACT	18	3	Pablo trabajaba haciendo tiendas, igual que Aquila y Priscila.	tiendas
pablo	¿En qué isla llegaron a tierra los sobrevivientes del naufragio de Pablo?	Malta	Chipre	Creta	Patmos	ACT	28	1	Después del naufragio, supieron que la isla se llamaba Malta.	Melita
pablo	¿Qué animal se prendió de la mano de Pablo al poner ramas en el fuego?	Una víbora	Una paloma	Un pez	Un león	ACT	28	3	Una víbora salió por el calor y se prendió de su mano.	víbora
pablo	¿Cuáles son las tres virtudes que permanecen según 1 Corintios 13?	Fe, esperanza y amor	Fuerza, riqueza y fama	Poder, ciencia y gloria	Honor, orgullo y éxito	1CO	13	13	El pasaje enumera fe, esperanza y caridad; caridad expresa aquí el amor.	fe;esperanza;caridad
jesus	¿En qué ciudad nació Jesús?	Belén	Nazaret	Roma	Jericó	MAT	2	1	Mateo sitúa el nacimiento de Jesús en Belén de Judea.	Bethlehem
jesus	¿Quién bautizó a Jesús en el Jordán?	Juan	Pedro	Pablo	Moisés	MAT	3	13	Jesús fue de Galilea al Jordán para ser bautizado por Juan.	Juan;bautizado
jesus	¿En forma de qué ave descendió el Espíritu de Dios después del bautismo?	Paloma	Águila	Cuervo	Golondrina	MAT	3	16	El Espíritu de Dios descendió como una paloma sobre Jesús.	paloma
jesus	¿Cuánto tiempo ayunó Jesús en el desierto?	Cuarenta días y cuarenta noches	Tres días	Una semana	Doce noches	MAT	4	2	El relato dice que Jesús ayunó cuarenta días y cuarenta noches.	cuarenta días;cuarenta noches
jesus	¿En qué pueblo convirtió Jesús el agua en vino?	Caná	Belén	Nínive	Betania	JHN	2	1-11	Jesús realizó esta señal en una boda en Caná de Galilea.	Caná;vino
jesus	¿Con cuántos panes comenzó la alimentación de los cinco mil?	Cinco	Dos	Siete	Doce	MAT	14	17-21	Los discípulos tenían cinco panes y dos peces antes de que Jesús alimentara a la multitud.	cinco panes
jesus	¿Cuántos peces tenían en ese mismo relato?	Dos	Cinco	Siete	Doce	MAT	14	17	Los discípulos dijeron que tenían cinco panes y dos peces.	dos peces
jesus	¿Cuántos cestos de sobras recogieron después de alimentar a los cinco mil?	Doce	Tres	Cinco	Siete	MAT	14	20	Después de que todos comieron, recogieron doce cestos llenos.	doce cestas
jesus	¿Qué hizo Jesús cuando sus discípulos temían la tormenta?	Reprendió al viento y habló al mar	Saltó de la barca	Pidió una espada	Buscó al gobernador	MRK	4	39	Jesús reprendió al viento y ordenó al mar que callara; hubo gran calma.	viento;mar;bonanza
jesus	¿A qué amigo llamó Jesús fuera del sepulcro?	Lázaro	Saulo	Booz	Jonatán	JHN	11	43-44	Jesús llamó a Lázaro y este salió del sepulcro.	Lázaro
jesus	¿Qué hizo Jesús al ver el dolor de quienes lloraban por Lázaro?	Lloró	Se quedó dormido	Se marchó a Roma	Pidió un tributo	JHN	11	33-35	El relato muestra la compasión de Jesús y dice que lloró.	Jesús;lloró
jesus	¿A qué cobrador de impuestos llamó Jesús mientras estaba sentado en el puesto de tributos?	Mateo	Tomás	Andrés	Felipe	MAT	9	9	Jesús vio a Mateo y lo llamó a seguirlo.	Mateo;tributos
jesus	¿A quién dijo Jesús que bajara de un árbol porque iría a su casa?	Zaqueo	Nicodemo	Cornelio	Ananías	LUK	19	5	Jesús llamó a Zaqueo por su nombre y anunció que se quedaría en su casa.	Zaqueo;casa
jesus	¿Cuál es el gran y primer mandamiento según Jesús?	Amar a Dios con todo el corazón	Acumular la mayor riqueza	Buscar el primer lugar	No viajar fuera de la ciudad	MAT	22	37-38	Jesús enseñó a amar al Señor con todo el corazón, el alma y la mente.	Amarás;corazón
jesus	¿Qué mandamiento dijo Jesús que es semejante al primero?	Amar al prójimo como a uno mismo	Construir un palacio	Evitar a todos los extranjeros	Ser siempre el más fuerte	MAT	22	39	Jesús añadió el mandamiento de amar al prójimo como a uno mismo.	prójimo;ti mismo
jesus	¿Quién ayudó al hombre herido en la parábola contada por Jesús?	Un samaritano	Un soldado romano	Un rey de Egipto	Un pescador de Galilea	LUK	10	33-34	El samaritano se compadeció del hombre herido y cuidó sus heridas.	Samaritano;heridas
jesus	¿Sobre qué construyó su casa el hombre prudente de la enseñanza de Jesús?	Sobre la roca	Sobre la arena	Sobre una barca	Sobre ramas secas	MAT	7	24	Jesús comparó a quien escucha y practica sus palabras con quien construye sobre la roca.	prudente;peña
jesus	¿Qué hizo Jesús con los pies de sus discípulos durante la cena?	Los lavó	Los cubrió de oro	Los ató con una cuerda	Los pintó de azul	JHN	13	5	Jesús lavó los pies de sus discípulos como ejemplo de servicio.	lavar;pies
jesus	¿Qué mandamiento nuevo dio Jesús a sus discípulos?	Que se amaran unos a otros como él los amó	Que fueran los más ricos	Que dejaran de ayudar a los pobres	Que no recibieran visitas	JHN	13	34	Jesús dio el mandamiento de amarse unos a otros según su propio amor.	améis;amado
jesus	¿Qué anunciaron a las mujeres acerca de Jesús junto al sepulcro?	No está aquí, ha resucitado	Ha viajado a Egipto	Está construyendo una barca	Se encuentra en el palacio	LUK	24	5-6	El anuncio a las mujeres fue que Jesús había resucitado.	resucitado
